TeamName,TeamID,ProjectID,DeptID
wcreech0,1,1,1
holenov1,2,1,1
dgunthorpe2,3,1,1
mspratt3,4,2,2
jfawke4,5,2,2
wscrease5,6,2,2
ifulford6,7,3,3
braggitt7,8,3,3
kzuann8,9,3,3
kgoodings9,10,4,4
scambera,11,4,4
fkusickb,12,4,4
scornelisc,13,5,5
vgrishenkovd,14,5,5
kmugglestone,15,5,5
imcglewf,16,6,6
niannellig,17,6,6
tgoodenh,18,6,6
smolineauxi,19,7,7
lrolfsj,20,7,7
rdealeyk,21,7,7
gandreottil,22,8,8
gstutm,23,8,8
pbautisten,24,8,8
jmousbyo,25,9,9
nwillowsp,26,9,9
dbysouthq,27,9,9
sbottinir,28,10,10
sstruans,29,10,10
bhuberyt,30,10,10
pverrillu,31,11,11
kdalbyv,32,11,11
iembyw,33,11,11
cportsmouthx,34,12,12
jmanzelly,35,12,12
wgilloranz,36,12,12
cnorcop10,37,13,13
ymcreath11,38,13,13
ifenge12,39,13,13
avale13,40,14,14
psilburn14,41,14,14
ggoodhand15,42,14,14
hohalleghane16,43,15,15
gbulleyn17,44,15,15
saskaw18,45,15,15
aridoutt19,46,16,16
rbuske1a,47,16,16
adeerness1b,48,16,16
dhuxton1c,49,17,17
psirmond1d,50,17,17
ublatchford1e,51,17,17
memeline1f,52,18,18
ccowitz1g,53,18,18
lbailes1h,54,18,18
dscimonelli1i,55,19,19
dprazer1j,56,19,19
oalhirsi1k,57,19,19
sdicky1l,58,20,20
dmacchaell1m,59,20,20
fomar1n,60,20,20
dhuebner1o,61,21,21
rmccosker1p,62,21,21
lsmalcombe1q,63,21,21
mshillan1r,64,22,22
gplatfoot1s,65,22,22
mgawkroge1t,66,22,22
hattawell1u,67,23,23
cpriel1v,68,23,23
adale1w,69,23,23
nbarnham1x,70,24,24
sbergstrand1y,71,24,24
pbazelle1z,72,24,24
jilden20,73,25,25
alist21,74,25,25
nocorrane22,75,25,25
tteasdalemarkie23,76,26,26
amatias24,77,26,26
lalbasini25,78,26,26
ldulling26,79,27,27
mantonutti27,80,27,27
erubinshtein28,81,27,27
setteridge29,82,28,28
fburdas2a,83,28,28
aburgise2b,84,28,28
pmalcolmson2c,85,29,29
bmacarte2d,86,29,29
barmfirld2e,87,29,29
noland2f,88,30,30
afranchyonok2g,89,30,30
ecape2h,90,30,30
hohanlon2i,91,31,31
lcharters2j,92,31,31
mespada2k,93,31,31
dmacgilmartin2l,94,32,32
fgedge2m,95,32,32
ccarillo2n,96,32,32
ldougliss2o,97,33,33
cgoulter2p,98,33,33
echapelhow2q,99,33,33
kargyle2r,100,34,34
apetrusch2s,101,34,34
ogermann2t,102,34,34
pbourgour2u,103,35,35
acypler2v,104,35,35
rtolwood2w,105,35,35
lshelford2x,106,36,36
nmcgee2y,107,36,36
vmancell2z,108,36,36
imaylott30,109,37,37
wredfern31,110,37,37
svobes32,111,37,37
htolerton33,112,38,38
jdunkerly34,113,38,38
riacovaccio35,114,38,38
rletten36,115,39,39
witzakovitz37,116,39,39
jpairpoint38,117,39,39
nwillas39,118,40,40
cspadoni3a,119,40,40
fpargetter3b,120,40,40
owaterland3c,121,41,41
jlozano3d,122,41,41
tortner3e,123,41,41
gmacandreis3f,124,42,42
mblazy3g,125,42,42
acolledge3h,126,42,42
sdenford3i,127,43,43
jmurrison3j,128,43,43
ehalfpenny3k,129,43,43
dwoodroff3l,130,44,44
craddish3m,131,44,44
nrenvoys3n,132,44,44
dbushnell3o,133,45,45
szanicchi3p,134,45,45
dfifoot3q,135,45,45
mfilyakov3r,136,46,46
wmatieu3s,137,46,46
sbanker3t,138,46,46
hgantlett3u,139,47,47
dprydie3v,140,47,47
pelliff3w,141,47,47
kmacconnal3x,142,48,48
evirgo3y,143,48,48
cyesipov3z,144,48,48
vpennino40,145,49,49
ksymons41,146,49,49
sbroadberrie42,147,49,49
pyggo43,148,50,50
akoubek44,149,50,50
aszabo45,150,50,50
bfarbrother46,151,51,51
tmckimmie47,152,51,51
jlevesque48,153,51,51
rerskine49,154,52,52
abrizland4a,155,52,52
aglascott4b,156,52,52
mivanonko4c,157,53,53
sgreneham4d,158,53,53
walkins4e,159,53,53
amisson4f,160,54,54
jconnick4g,161,54,54
fkleinbaum4h,162,54,54
ypolsin4i,163,55,55
sstubbert4j,164,55,55
lrosser4k,165,55,55
dlucia4l,166,56,56
vdavioud4m,167,56,56
rlineen4n,168,56,56
tmonro4o,169,57,57
bthorowgood4p,170,57,57
mkibblewhite4q,171,57,57
jblinman4r,172,58,58
vmooreed4s,173,58,58
mwoonton4t,174,58,58
kdevinn4u,175,59,59
mwoolway4v,176,59,59
rgreatbanks4w,177,59,59
hdevons4x,178,60,60
mtsar4y,179,60,60
dwheowall4z,180,60,60
aabramson50,181,61,61
acissen51,182,61,61
bcornehl52,183,61,61
kswarbrick53,184,62,62
rnorthrop54,185,62,62
knorthin55,186,62,62
htreat56,187,63,63
itruett57,188,63,63
tfarney58,189,63,63
kcardero59,190,64,64
dcranshaw5a,191,64,64
mdedman5b,192,64,64
mduce5c,193,65,65
cabrahamsohn5d,194,65,65
ctenny5e,195,65,65
hvandenhoff5f,196,66,66
kprestidge5g,197,66,66
nspilling5h,198,66,66
dbaumert5i,199,67,67
bmenis5j,200,67,67
tgateley5k,201,67,67
mshoulders5l,202,68,68
sgerrard5m,203,68,68
ablamphin5n,204,68,68
vsedcole5o,205,69,69
gjeanneau5p,206,69,69
kmacgille5q,207,69,69
lbukowski5r,208,70,70
gblackey5s,209,70,70
ccrole5t,210,70,70
pwarham5u,211,71,71
fhambric5v,212,71,71
cosiaghail5w,213,71,71
dgrieswood5x,214,72,72
zfosh5y,215,72,72
jmurrison5z,216,72,72
dsherington60,217,73,73
rjorge61,218,73,73
kmacconnulty62,219,73,73
abigley63,220,74,74
wcowely64,221,74,74
linsull65,222,74,74
frosenzwig66,223,75,75
ltunnadine67,224,75,75
hlaroze68,225,75,75
cverner69,226,76,76
lcaseborne6a,227,76,76
lbaggot6b,228,76,76
mbirtley6c,229,77,77
dhaquard6d,230,77,77
gconigsby6e,231,77,77
ispellacey6f,232,78,78
gmould6g,233,78,78
scalvert6h,234,78,78
bcohn6i,235,79,79
awharby6j,236,79,79
bpughsley6k,237,79,79
mfollis6l,238,80,80
bmenilove6m,239,80,80
srobichon6n,240,80,80
jpenner6o,241,81,81
hbergin6p,242,81,81
pmatushevitz6q,243,81,81
aheaslip6r,244,82,82
ewatkins6s,245,82,82
mmeryett6t,246,82,82
fcapron6u,247,83,83
lmacgorman6v,248,83,83
cszymon6w,249,83,83
athurbon6x,250,84,84
gmccullen6y,251,84,84
zyearsley6z,252,84,84
yivimy70,253,85,85
dnetherwood71,254,85,85
vgut72,255,85,85
msilcocks73,256,86,86
tpalek74,257,86,86
bchifney75,258,86,86
rsandyfirth76,259,87,87
rmosdall77,260,87,87
nbuntine78,261,87,87
tboatswain79,262,88,88
ahalfhead7a,263,88,88
jwallwood7b,264,88,88
ymatthewes7c,265,89,89
ssymonds7d,266,89,89
bthrush7e,267,89,89
lallmen7f,268,90,90
rthackston7g,269,90,90
rdelacroix7h,270,90,90
nbradock7i,271,91,91
scauston7j,272,91,91
ngerrett7k,273,91,91
govershott7l,274,92,92
jhumby7m,275,92,92
rfaill7n,276,92,92
sgutans7o,277,93,93
egrand7p,278,93,93
lprinne7q,279,93,93
pdowbiggin7r,280,94,94
tfellgate7s,281,94,94
twickey7t,282,94,94
bvanoort7u,283,95,95
aschimank7v,284,95,95
pcovet7w,285,95,95
tburril7x,286,96,96
agodman7y,287,96,96
mcosgrive7z,288,96,96
dbowerman80,289,97,97
cormesher81,290,97,97
igierhard82,291,97,97
carter83,292,98,98
bhurburt84,293,98,98
ecaldwall85,294,98,98
lkeeble86,295,99,99
mizachik87,296,99,99
fgrinval88,297,99,99
cwalpole89,298,100,100
lbaack8a,299,100,100
jtellesson8b,300,100,100
jwillsmore8c,301,101,101
gmeco8d,302,101,101
truegg8e,303,101,101
astanlick8f,304,102,102
ctomkin8g,305,102,102
chabbergham8h,306,102,102
cmacilhench8i,307,103,103
jmegahey8j,308,103,103
hcore8k,309,103,103
gleemans8l,310,104,104
okeeffe8m,311,104,104
etiley8n,312,104,104
evasyukhnov8o,313,105,105
lkindread8p,314,105,105
gcanti8q,315,105,105
dtolchard8r,316,106,106
ekunzler8s,317,106,106
checkner8t,318,106,106
regalton8u,319,107,107
jolek8v,320,107,107
adawltrey8w,321,107,107
chatchette8x,322,108,108
amartill8y,323,108,108
jfessions8z,324,108,108
rrogger90,325,109,109
dough91,326,109,109
glias92,327,109,109
fdisbrey93,328,110,110
kkilshall94,329,110,110
upullan95,330,110,110
jgoulder96,331,111,111
frengger97,332,111,111
lheinzel98,333,111,111
mbuckland99,334,112,112
aparsall9a,335,112,112
etuffrey9b,336,112,112
mradbone9c,337,113,113
citzik9d,338,113,113
rguislin9e,339,113,113
chuckel9f,340,114,114
criddler9g,341,114,114
ctopes9h,342,114,114
mjamson9i,343,115,115
sdelchecolo9j,344,115,115
bbehnecken9k,345,115,115
rmcclymont9l,346,116,116
vrodda9m,347,116,116
hpocklington9n,348,116,116
kgreenman9o,349,117,117
pbrumen9p,350,117,117
amaykin9q,351,117,117
cdaviddi9r,352,118,118
acrossgrove9s,353,118,118
mwheildon9t,354,118,118
lconnelly9u,355,119,119
rpascho9v,356,119,119
hglenwright9w,357,119,119
gmallock9x,358,120,120
nfrayne9y,359,120,120
rhuntar9z,360,120,120
cpashea0,361,121,121
slecounta1,362,121,121
dastburya2,363,121,121
aodyvoiea3,364,122,122
gjenta4,365,122,122
sclaidena5,366,122,122
rtarriera6,367,123,123
omorralleea7,368,123,123
grutta8,369,123,123
sperviewa9,370,124,124
khowoodaa,371,124,124
cslineab,372,124,124
skulickeac,373,125,125
cgorewayad,374,125,125
aahernae,375,125,125
trisboroughaf,376,126,126
tmustardag,377,126,126
anoddingsah,378,126,126
ddautryai,379,127,127
cmacgrayaj,380,127,127
jrapperak,381,127,127
pjerrimal,382,128,128
lfaloonam,383,128,128
aashfullan,384,128,128
fsansunao,385,129,129
sduerap,386,129,129
hdiggleaq,387,129,129
dmcalroyar,388,130,130
lbaxas,389,130,130
mcourtinat,390,130,130
wcantoau,391,131,131
llenhamav,392,131,131
ajosefaw,393,131,131
edinleyax,394,132,132
xtillotay,395,132,132
abeardsaz,396,132,132
nkullerb0,397,133,133
nbjerkanb1,398,133,133
msimenelb2,399,133,133
czannib3,400,134,134
hmonteithb4,401,134,134
cyongb5,402,134,134
tcrapperb6,403,135,135
jmcgeownb7,404,135,135
bscawtonb8,405,135,135
abeckhurstb9,406,136,136
nsemensba,407,136,136
bmorrisonbb,408,136,136
bjahnelbc,409,137,137
rsewardbd,410,137,137
bmathetbe,411,137,137
sfeatherbiebf,412,138,138
ccarranebg,413,138,138
rpeltzerbh,414,138,138
wmattersleybi,415,139,139
bbolusbj,416,139,139
rpouldenbk,417,139,139
passelbl,418,140,140
mhelleckasbm,419,140,140
cfromebn,420,140,140
lclevelybo,421,141,141
pfernantbp,422,141,141
gsheriffbq,423,141,141
kgooldenbr,424,142,142
dpetrenbs,425,142,142
pwenderothbt,426,142,142
lshipseybu,427,143,143
krathbournebv,428,143,143
btaggettbw,429,143,143
rminicobx,430,144,144
hattyby,431,144,144
dsteinerbz,432,144,144
jabbottsc0,433,145,145
jinstonc1,434,145,145
rastlingc2,435,145,145
rmacphadenc3,436,146,146
jpepic4,437,146,146
cstenbridgec5,438,146,146
dherionc6,439,147,147
tgaydonc7,440,147,147
npeoplesc8,441,147,147
awalteringc9,442,148,148
amcleseca,443,148,148
gcampscb,444,148,148
mdimmercc,445,149,149
nsoutheycd,446,149,149
mtanserce,447,149,149
ccowecf,448,150,150
jspiercg,449,150,150
cmatleych,450,150,150
tloynesci,451,151,151
gcisneroscj,452,151,151
rkilloughck,453,151,151
ahellwingcl,454,152,152
iriseboroughcm,455,152,152
cpucknellcn,456,152,152
gbrettorco,457,153,153
cfolbiggcp,458,153,153
dbaswallcq,459,153,153
chasneycr,460,154,154
mhedgecs,461,154,154
apaleyct,462,154,154
draspcu,463,155,155
kelstobcv,464,155,155
bmattiaccicw,465,155,155
gbarensecx,466,156,156
cleviscy,467,156,156
mmatuskacz,468,156,156
acharringtond0,469,157,157
kwinkled1,470,157,157
ktagued2,471,157,157
rbended3,472,158,158
falejandrod4,473,158,158
lsimonnotd5,474,158,158
cgreasond6,475,159,159
ahowlind7,476,159,159
dullrichd8,477,159,159
jguidettid9,478,160,160
sarmanda,479,160,160
odrabbledb,480,160,160
ktumayandc,481,161,161
alaffranconidd,482,161,161
sbreakspearde,483,161,161
churichdf,484,162,162
jasquithdg,485,162,162
jgainesdh,486,162,162
aciccottinidi,487,163,163
ibattertondj,488,163,163
rguntripdk,489,163,163
cbooseydl,490,164,164
cphillimoredm,491,164,164
kwoodingdn,492,164,164
morrissdo,493,165,165
fswinneydp,494,165,165
msantusdq,495,165,165
gmussillidr,496,166,166
laxcellds,497,166,166
gbrithmandt,498,166,166
ssherrindu,499,167,167
rhuwsdv,500,167,167
